<?xml version="1.0" encoding="UTF-8"?>  
<beans  
	    xmlns="http://www.springframework.org/schema/beans"  
	    xmlns:xsi="http://www.w3.org/2001/XMLSchema-instance"  
	    xmlns:p="http://www.springframework.org/schema/p"  
	    xsi:schemaLocation="http://www.springframework.org/schema/beans  
	               http://www.springframework.org/schema/beans/spring-beans-3.0.xsd">  
	  
	<bean id="productbean" class="com.techvision.Product">  
	<property name="name" value="Dove"></property>	  
	</bean>  

	<bean id="userbean" class="com.techvision.Users">
	<property name="uid" value="101"></property>
	<property name="name" value="TestUser"></property>
	<property name="email" value="test@gamial.com"></property>
	<property name="pwd" value="abcd1234"></property>
	</bean>
	  
	</beans>
	  
